sample_peptide,first_location,count_in_peptide,protein_id,protein_kegg_id,unipro,NCBI-prot,NCBI-Gene,kegg_id,kegg_org_code,organism,species,genus,recorded_mass,measured_mass,peptide_original,organism_count,organism_total_count,protein_total_count,sample_total_count,is_strong_peptide,novor_peptide,sample_tag_id,scan_num,taxon_id,taxon_name
LSELE,1,1,13763,Q56JW3,NA,NA,NA,U9913,,Bos taurus,taurus,Bos,972.5237,972.5208,ISEIENLR,1,1,1,1,1,LSELEQVR,107,6931,NA,NA
YNQLLR,1,1,15699,A0A3Q1MXQ0,NA,NA,NA,U9913,,Bos taurus,taurus,Bos,805.4447,805.4414,YNQILR,3,2,1,1,0,YNQLLR,115,7798,NA,NA
YNQLLR,1,1,10789,Q9XSJ4,NA,NA,NA,U9913,,Bos taurus,taurus,Bos,805.4447,805.4414,YNQILR,3,2,1,1,0,YNQLLR,115,7798,NA,NA
TPEELLR,1,1,16190,Q3T0U5,NA,NA,NA,U9913,,Bos taurus,taurus,Bos,856.4657,856.4624,TPEELLR,1,1,1,1,1,TPEELLR,123,8104,NA,NA
VLAACYK,1,1,55046,V4SWU9,NA,NA,NA,U85681,,Citrus clementina,clementina,Citrus,766.4047,766.4014,VLAACYK,3,1,1,1,0,VLAACYK,66,5241,NA,NA
LLSAPSK,2,1,34999,V4VKP2,NA,NA,NA,U85681,,Citrus clementina,clementina,Citrus,813.4957,813.4916,VIISAPSK,3,1,1,1,0,VLLSAPSK,92,6204,NA,NA
VLQLS,1,1,46634,V4RRW9,NA,NA,NA,U85681,,Citrus clementina,clementina,Citrus,900.5027,900.4994,VLQISGER,3,4,1,1,0,VLQLSADR,106,6818,NA,NA
VLQLS,1,1,47122,V4W3A2,NA,NA,NA,U85681,,Citrus clementina,clementina,Citrus,900.5027,900.4994,VLQISGER,3,4,1,1,0,VLQLSADR,106,6818,NA,NA
VLQLS,1,1,42153,V4SP59,NA,NA,NA,U85681,,Citrus clementina,clementina,Citrus,900.5027,900.4994,VLQISGER,3,4,1,1,0,VLQLSADR,106,6818,NA,NA
VLQLS,1,1,34636,V4TBA1,NA,NA,NA,U85681,,Citrus clementina,clementina,Citrus,900.5027,900.4994,VLQISGER,3,4,1,1,0,VLQLSADR,106,6818,NA,NA
YNQLLR,1,1,56412,V4SDD5,NA,NA,NA,U85681,,Citrus clementina,clementina,Citrus,805.4447,805.4414,YNQLLR,5,3,1,1,0,YNQLLR,115,7798,NA,NA
YNQLLR,1,1,39751,V4VMP3,NA,NA,NA,U85681,,Citrus clementina,clementina,Citrus,805.4447,805.4414,YNQLLR,5,3,1,1,0,YNQLLR,115,7798,NA,NA
YNQLLR,1,1,46362,V4S7U5,NA,NA,NA,U85681,,Citrus clementina,clementina,Citrus,805.4447,805.4414,YNQLLR,5,3,1,1,0,YNQLLR,115,7798,NA,NA
TPEELLR,1,1,32768,V4RFB5,NA,NA,NA,U85681,,Citrus clementina,clementina,Citrus,856.4657,856.4624,TPEEILR,3,3,1,1,0,TPEELLR,123,8104,NA,NA
TPEELLR,1,1,51210,V4TZX2,NA,NA,NA,U85681,,Citrus clementina,clementina,Citrus,856.4657,856.4624,TPEEILR,3,3,1,1,0,TPEELLR,123,8104,NA,NA
TPEELLR,1,1,47311,V4RFB2,NA,NA,NA,U85681,,Citrus clementina,clementina,Citrus,856.4657,856.4624,TPEEILR,3,3,1,1,0,TPEELLR,123,8104,NA,NA
LLDDS,2,1,50006,V4TIG1,NA,NA,NA,U85681,,Citrus clementina,clementina,Citrus,830.4497,830.4474,LLLDDSR,3,1,1,1,0,LLLDDSR,142,9035,NA,NA
ENLWR,2,1,56617,V4T2J9,NA,NA,NA,U85681,,Citrus clementina,clementina,Citrus,844.4187,844.417,QENLWR,3,1,1,2,0,QENLWR,143,9079,NA,NA
ENLWR,2,1,56617,V4T2J9,NA,NA,NA,U85681,,Citrus clementina,clementina,Citrus,844.4187,844.4168,QENLWR,3,1,1,2,0,QENLWR,149,9369,NA,NA
LSLLEEAR,1,1,49931,V4SPW4,NA,NA,NA,U85681,,Citrus clementina,clementina,Citrus,929.5177,929.514,LSIIEEAR,3,1,1,1,0,LSLLEEAR,161,10509,NA,NA
LDPLK,4,1,33701,V4SGT2,NA,NA,NA,U85681,,Citrus clementina,clementina,Citrus,825.4957,825.4934,AGIIDPLK,3,1,1,1,0,AGLLDPLK,167,12275,NA,NA
VLAACYK,1,1,86547,A0A067F4J3,NA,NA,NA,U2711,,Citrus sinensis,sinensis,Citrus,766.4047,766.4014,VLAACYK,3,1,1,1,0,VLAACYK,66,5241,NA,NA
LLSAPSK,2,1,77399,A0A067D268,NA,NA,NA,U2711,,Citrus sinensis,sinensis,Citrus,813.4957,813.4916,VIISAPSK,3,2,1,1,0,VLLSAPSK,92,6204,NA,NA
LLSAPSK,2,1,77675,A0A067D255,NA,NA,NA,U2711,,Citrus sinensis,sinensis,Citrus,813.4957,813.4916,VIISAPSK,3,2,1,1,0,VLLSAPSK,92,6204,NA,NA
VLQLS,1,1,84296,A0A067D515,NA,NA,NA,U2711,,Citrus sinensis,sinensis,Citrus,900.5027,900.4994,VLQISGER,3,1,1,1,0,VLQLSADR,106,6818,NA,NA
YNQLLR,1,1,78076,A0A067DHH5,NA,NA,NA,U2711,,Citrus sinensis,sinensis,Citrus,805.4447,805.4414,YNQLLR,5,4,1,1,0,YNQLLR,115,7798,NA,NA
YNQLLR,1,1,77626,A0A067F0Y6,NA,NA,NA,U2711,,Citrus sinensis,sinensis,Citrus,805.4447,805.4414,YNQLLR,5,4,1,1,0,YNQLLR,115,7798,NA,NA
YNQLLR,1,1,77638,A0A067FHG9,NA,NA,NA,U2711,,Citrus sinensis,sinensis,Citrus,805.4447,805.4414,YNQLLR,5,4,1,1,0,YNQLLR,115,7798,NA,NA
YNQLLR,1,1,88972,A0A067FQD2,NA,NA,NA,U2711,,Citrus sinensis,sinensis,Citrus,805.4447,805.4414,YNQLLR,5,4,1,1,0,YNQLLR,115,7798,NA,NA
TPEELLR,1,1,69443,A0A067G9C0,NA,NA,NA,U2711,,Citrus sinensis,sinensis,Citrus,856.4657,856.4624,TPEEILR,3,2,1,1,0,TPEELLR,123,8104,NA,NA
TPEELLR,1,1,82794,A0A067G927,NA,NA,NA,U2711,,Citrus sinensis,sinensis,Citrus,856.4657,856.4624,TPEEILR,3,2,1,1,0,TPEELLR,123,8104,NA,NA
VLPSLNGK,1,1,77009,A0A067DEW2,NA,NA,NA,U2711,,Citrus sinensis,sinensis,Citrus,826.4917,826.4894,VLPSLNGK,2,1,1,1,0,VLPSLNGK,129,8415,NA,NA
LLDDS,2,1,90255,A0A067DKR0,NA,NA,NA,U2711,,Citrus sinensis,sinensis,Citrus,830.4497,830.4474,LLLDDSR,3,1,1,1,0,LLLDDSR,142,9035,NA,NA
ENLWR,2,1,91990,A0A067EQL8,NA,NA,NA,U2711,,Citrus sinensis,sinensis,Citrus,844.4187,844.417,QENLWR,3,1,1,2,0,QENLWR,143,9079,NA,NA
ENLWR,2,1,91990,A0A067EQL8,NA,NA,NA,U2711,,Citrus sinensis,sinensis,Citrus,844.4187,844.4168,QENLWR,3,1,1,2,0,QENLWR,149,9369,NA,NA
LSLLEEAR,1,1,77854,A0A067FHW7,NA,NA,NA,U2711,,Citrus sinensis,sinensis,Citrus,929.5177,929.514,LSIIEEAR,3,2,1,1,0,LSLLEEAR,161,10509,NA,NA
LSLLEEAR,1,1,88211,A0A067FAU8,NA,NA,NA,U2711,,Citrus sinensis,sinensis,Citrus,929.5177,929.514,LSIIEEAR,3,2,1,1,0,LSLLEEAR,161,10509,NA,NA
LDPLK,4,1,76934,A0A067FP68,NA,NA,NA,U2711,,Citrus sinensis,sinensis,Citrus,825.4957,825.4934,AGIIDPLK,3,1,1,1,0,AGLLDPLK,167,12275,NA,NA
YNQLLR,1,1,116289,K1Q2I9,NA,NA,NA,U29159,,Crassostrea gigas,gigas,Crassostrea,805.4447,805.4414,YNQILR,3,1,1,1,0,YNQLLR,115,7798,NA,NA
YNQLLR,1,1,142411,A0A8B8E8R0,NA,NA,NA,U6565,,Crassostrea virginica,virginica,Crassostrea,805.4447,805.4414,YNQILR,3,1,1,1,0,YNQLLR,115,7798,NA,NA
YNQLLR,1,1,137875,A0A8B8BEB6,NA,NA,NA,U6565,,Crassostrea virginica,virginica,Crassostrea,805.4447,805.4414,YNQIIR,1,1,1,1,1,YNQLLR,115,7798,NA,NA
TPEELLR,1,1,134615,A0A8B8BYY5,NA,NA,NA,U6565,,Crassostrea virginica,virginica,Crassostrea,856.4657,856.4624,TPEELIR,1,1,1,1,1,TPEELLR,123,8104,NA,NA
QMQSQCR,1,1,203966,B9SA35,NA,NA,NA,U3988,,Ricinus communis,communis,Ricinus,879.3687,879.3678,QMQSQCR,1,1,1,1,1,QMQSQCR,1,1738,NA,NA
QDQCQLNR,3,1,217837,B9T5E7,NA,NA,NA,U3988,,Ricinus communis,communis,Ricinus,1188.5307,1188.5268,GQQDQCQLNR,1,1,1,1,1,QGQDQCQLNR,7,2623,NA,NA
GCCDHLK,1,1,203966,B9SA35,NA,NA,NA,U3988,,Ricinus communis,communis,Ricinus,774.3157,774.3117,GCCDHLK,1,1,1,4,1,GCCDHLK,8,2673,NA,NA
GCCDHLK,1,1,203966,B9SA35,NA,NA,NA,U3988,,Ricinus communis,communis,Ricinus,774.3157,774.3109,GCCDHLK,1,1,1,4,1,GCCDHLK,13,2892,NA,NA
GCCDHLK,1,1,203966,B9SA35,NA,NA,NA,U3988,,Ricinus communis,communis,Ricinus,774.3157,774.3121,GCCDHLK,1,1,1,4,1,GCCDHLK,16,3112,NA,NA
CAGVAVTR,1,1,209914,B9SF35,NA,NA,NA,U3988,,Ricinus communis,communis,Ricinus,775.4007,775.3964,CAGVAVTR,1,1,1,1,1,CAGVAVTR,19,3327,NA,NA
GCCDHLK,1,1,203966,B9SA35,NA,NA,NA,U3988,,Ricinus communis,communis,Ricinus,774.3157,774.3109,GCCDHLK,1,1,1,4,1,GCCDHLK,20,3332,NA,NA
LSDDE,1,1,221960,B9RI57,NA,NA,NA,U3988,,Ricinus communis,communis,Ricinus,903.4297,903.429,LSDDEAVR,1,1,1,1,1,LSDDEVAR,24,3488,NA,NA
DYVCR,3,1,200282,B9T0X0,NA,NA,NA,U3988,,Ricinus communis,communis,Ricinus,853.3757,853.3736,AQDYVCR,1,1,1,1,1,QADYVCR,26,3503,NA,NA
LNAVEPSR,1,1,217837,B9T5E7,NA,NA,NA,U3988,,Ricinus communis,communis,Ricinus,884.4717,884.4688,INAVEPSR,1,1,1,1,1,LNAVEPSR,30,3579,NA,NA
CCDHLK,2,1,203966,B9SA35,NA,NA,NA,U3988,,Ricinus communis,communis,Ricinus,774.3157,774.3123,GCCDHLK,1,1,1,1,1,GCCDHLK,31,3630,NA,NA
CQQYLK,1,1,207850,B9SA37,NA,NA,NA,U3988,,Ricinus communis,communis,Ricinus,781.3797,781.3766,CQQYIK,1,1,1,1,1,CQQYLK,36,3978,NA,NA
LQEQQNLR,3,1,203966,B9SA35,NA,NA,NA,U3988,,Ricinus communis,communis,Ricinus,1212.6207,1212.6166,GQIQEQQNLR,1,1,1,7,1,QGLQEQQNLR,37,4027,NA,NA
CEEYYR,1,1,208779,B9SFI3,NA,NA,NA,U3988,,Ricinus communis,communis,Ricinus,861.3327,861.3268,CEEYYR,1,1,1,1,1,CEEYYR,38,4058,NA,NA
LQEQQNLR,3,1,203966,B9SA35,NA,NA,NA,U3988,,Ricinus communis,communis,Ricinus,1212.6207,1212.6166,GQIQEQQNLR,1,1,1,7,1,QGLQEQQNLR,42,4241,NA,NA
VSTVNS,1,1,205755,B9T1B8,NA,NA,NA,U3988,,Ricinus communis,communis,Ricinus,1102.5727,1102.5672,VSTVNSNNLR,1,1,1,1,1,VSTVNSNNLR,43,4275,NA,NA
LLSCGPASS,1,1,211416,B9T8T6,NA,NA,NA,U3988,,Ricinus communis,communis,Ricinus,1174.5767,1174.5712,ILSCGPASSGQR,1,5,1,1,1,LLSCGPASSNAR,44,4443,NA,NA
LLSCGPASS,1,1,217792,B9T8T7,NA,NA,NA,U3988,,Ricinus communis,communis,Ricinus,1174.5767,1174.5712,ILSCGPASSGQR,1,5,1,1,1,LLSCGPASSNAR,44,4443,NA,NA
LLSCGPASS,1,1,221396,B9T7K1,NA,NA,NA,U3988,,Ricinus communis,communis,Ricinus,1174.5767,1174.5712,ILSCGPASSGQR,1,5,1,1,1,LLSCGPASSNAR,44,4443,NA,NA
LLSCGPASS,1,1,211006,B9TBZ6,NA,NA,NA,U3988,,Ricinus communis,communis,Ricinus,1174.5767,1174.5712,ILSCGPASSGQR,1,5,1,1,1,LLSCGPASSNAR,44,4443,NA,NA
LLSCGPASS,1,1,206001,B9T8T0,NA,NA,NA,U3988,,Ricinus communis,communis,Ricinus,1174.5767,1174.5712,ILSCGPASSGQR,1,5,1,1,1,LLSCGPASSNAR,44,4443,NA,NA
LQEQQNLR,3,1,203966,B9SA35,NA,NA,NA,U3988,,Ricinus communis,communis,Ricinus,1212.6207,1212.6172,GQIQEQQNLR,1,1,1,7,1,QGLQEQQNLR,45,4453,NA,NA
VDVSVDG,1,1,225139,B9RBI9,NA,NA,NA,U3988,,Ricinus communis,communis,Ricinus,874.4397,874.4376,VDVSVDGGK,1,1,1,1,1,VDVSVDGGK,46,4514,NA,NA
QCQEYLK,1,1,203966,B9SA35,NA,NA,NA,U3988,,Ricinus communis,communis,Ricinus,910.4217,910.419,QCQEYIK,1,1,1,2,1,QCQEYLK,47,4541,NA,NA
MYLSQSSSR,4,1,208936,B9SA28,NA,NA,NA,U3988,,Ricinus communis,communis,Ricinus,1359.5907,1359.5859,ACQMYLSQSSSR,1,1,1,1,1,ACQMYLSQSSSR,52,4728,NA,NA
VSLEEAR,1,1,201508,Q9M4Q8,NA,NA,NA,U3988,,Ricinus communis,communis,Ricinus,802.4187,802.4158,VSIEEAR,1,3,1,2,1,VSLEEAR,53,4781,NA,NA
VSLEEAR,1,1,217493,B9SDX6,NA,NA,NA,U3988,,Ricinus communis,communis,Ricinus,802.4187,802.4158,VSIEEAR,1,3,1,2,1,VSLEEAR,53,4781,NA,NA
VSLEEAR,1,1,209914,B9SF35,NA,NA,NA,U3988,,Ricinus communis,communis,Ricinus,802.4187,802.4158,VSIEEAR,1,3,1,2,1,VSLEEAR,53,4781,NA,NA
QNDFR,4,1,205755,B9T1B8,NA,NA,NA,U3988,,Ricinus communis,communis,Ricinus,976.4727,976.4696,LQGQNDFR,1,2,1,1,1,LQGQNDFR,54,4801,NA,NA
QNDFR,4,1,217493,B9SDX6,NA,NA,NA,U3988,,Ricinus communis,communis,Ricinus,976.4727,976.4696,LQGQNDFR,1,2,1,1,1,LQGQNDFR,54,4801,NA,NA
QCQEYLK,1,1,203966,B9SA35,NA,NA,NA,U3988,,Ricinus communis,communis,Ricinus,910.4217,910.419,QCQEYIK,1,1,1,2,1,QCQEYLK,55,4828,NA,NA
LQVVDENGNR,1,1,205755,B9T1B8,NA,NA,NA,U3988,,Ricinus communis,communis,Ricinus,1142.5677,1142.565,IQVVDENGNR,1,1,1,1,1,LQVVDENGNR,57,4879,NA,NA
LAQDLPSR,1,1,207850,B9SA37,NA,NA,NA,U3988,,Ricinus communis,communis,Ricinus,898.4877,898.4844,IAQDLPSR,1,1,1,1,1,LAQDLPSR,58,4894,NA,NA
LQEQQNLR,3,1,203966,B9SA35,NA,NA,NA,U3988,,Ricinus communis,communis,Ricinus,1212.6207,1212.6182,GQIQEQQNLR,1,1,1,7,1,QGLQEQQNLR,64,5117,NA,NA
VSLEEAR,1,1,201508,Q9M4Q8,NA,NA,NA,U3988,,Ricinus communis,communis,Ricinus,802.4187,802.4158,VSIEEAR,1,3,1,2,1,VSLEEAR,65,5172,NA,NA
VSLEEAR,1,1,217493,B9SDX6,NA,NA,NA,U3988,,Ricinus communis,communis,Ricinus,802.4187,802.4158,VSIEEAR,1,3,1,2,1,VSLEEAR,65,5172,NA,NA
VSLEEAR,1,1,209914,B9SF35,NA,NA,NA,U3988,,Ricinus communis,communis,Ricinus,802.4187,802.4158,VSIEEAR,1,3,1,2,1,VSLEEAR,65,5172,NA,NA
VLAACYK,1,1,214792,B9SRH4,NA,NA,NA,U3988,,Ricinus communis,communis,Ricinus,766.4047,766.4014,VLAACYK,3,1,1,1,0,VLAACYK,66,5241,NA,NA
LQEQQNLR,3,1,203966,B9SA35,NA,NA,NA,U3988,,Ricinus communis,communis,Ricinus,1212.6207,1212.6136,GQIQEQQNLR,1,1,1,7,1,QGLQEQQNLR,67,5335,NA,NA
VEQVR,9,1,212946,B9SA32,NA,NA,NA,U3988,,Ricinus communis,communis,Ricinus,1574.7297,1574.7211,QLQQCCNQVEQVR,1,1,1,1,1,QLQQCCQNVEQVR,69,5463,NA,NA
ELVSSC,3,1,212946,B9SA32,NA,NA,NA,U3988,,Ricinus communis,communis,Ricinus,1106.5387,1106.532,ASEIVSSCGVR,1,1,1,3,1,TGELVSSCGVR,73,5725,NA,NA
ELVSSC,3,1,203966,B9SA35,NA,NA,NA,U3988,,Ricinus communis,communis,Ricinus,1076.5287,1076.5226,AGEIVSSCGVR,1,1,1,3,1,QELVSSCVGR,74,5732,NA,NA
ELVSS,3,1,203966,B9SA35,NA,NA,NA,U3988,,Ricinus communis,communis,Ricinus,1076.5287,1076.5228,AGEIVSSCGVR,1,1,1,3,1,QELVSSCGVR,75,5741,NA,NA
ALGQLSER,1,1,199864,B9T5E4,NA,NA,NA,U3988,,Ricinus communis,communis,Ricinus,872.4717,872.465,ALGQISER,1,2,1,1,1,ALGQLSER,77,5758,NA,NA
ALGQLSER,1,1,222197,B9RD45,NA,NA,NA,U3988,,Ricinus communis,communis,Ricinus,872.4717,872.465,ALGQISER,1,2,1,1,1,ALGQLSER,77,5758,NA,NA
LGELTESAK,1,1,197881,B9SRL2,NA,NA,NA,U3988,,Ricinus communis,communis,Ricinus,946.4967,946.493,LGELTESAK,1,1,1,1,1,LGELTESAK,78,5783,NA,NA
MAGPLYNSR,3,1,208779,B9SFI3,NA,NA,NA,U3988,,Ricinus communis,communis,Ricinus,1151.5397,1151.5333,GSMAGPLYNSR,1,1,1,1,1,SGMAGPLYNSR,80,5809,NA,NA
ELVSSC,3,1,203966,B9SA35,NA,NA,NA,U3988,,Ricinus communis,communis,Ricinus,1076.5287,1076.5256,AGEIVSSCGVR,1,1,1,3,1,QELVSSCGVR,82,5953,NA,NA
LQEQQNLR,3,1,203966,B9SA35,NA,NA,NA,U3988,,Ricinus communis,communis,Ricinus,1212.6207,1212.6156,GQIQEQQNLR,1,1,1,7,1,ANLQEQQNLR,84,6003,NA,NA
AGPLYNSR,4,1,208779,B9SFI3,NA,NA,NA,U3988,,Ricinus communis,communis,Ricinus,1151.5397,1151.5363,GSMAGPLYNSR,1,1,1,1,1,SGMAGPLYNSR,87,6033,NA,NA
LNENLAR,4,1,197093,B9RY06,NA,NA,NA,U3988,,Ricinus communis,communis,Ricinus,1128.5527,1128.5508,DGQLNENLAR,1,1,1,1,1,QGDLNENLAR,88,6083,NA,NA
NCLTSD,2,1,211416,B9T8T6,NA,NA,NA,U3988,,Ricinus communis,communis,Ricinus,1236.5407,1236.5314,DNCLTSDSNIR,1,4,1,1,1,DNCLTSDSNLR,91,6203,NA,NA
NCLTSD,2,1,217792,B9T8T7,NA,NA,NA,U3988,,Ricinus communis,communis,Ricinus,1236.5407,1236.5314,DNCLTSDSNIR,1,4,1,1,1,DNCLTSDSNLR,91,6203,NA,NA
NCLTSD,2,1,211006,B9TBZ6,NA,NA,NA,U3988,,Ricinus communis,communis,Ricinus,1236.5407,1236.5314,DNCLTSDSNIR,1,4,1,1,1,DNCLTSDSNLR,91,6203,NA,NA
NCLTSD,2,1,206001,B9T8T0,NA,NA,NA,U3988,,Ricinus communis,communis,Ricinus,1236.5407,1236.5314,DNCLTSDSNIR,1,4,1,1,1,DNCLTSDSNLR,91,6203,NA,NA
LLSAPSK,2,1,204594,B9RAL0,NA,NA,NA,U3988,,Ricinus communis,communis,Ricinus,813.4957,813.4916,VIISAPSK,3,2,1,1,0,VLLSAPSK,92,6204,NA,NA
LLSAPSK,2,1,217838,B9RBN8,NA,NA,NA,U3988,,Ricinus communis,communis,Ricinus,813.4957,813.4916,VIISAPSK,3,2,1,1,0,VLLSAPSK,92,6204,NA,NA
ALNDK,4,1,204594,B9RAL0,NA,NA,NA,U3988,,Ricinus communis,communis,Ricinus,800.4387,800.4338,AGIALNDK,1,2,1,1,1,AAVALNDK,93,6208,NA,NA
ALNDK,4,1,202640,B9TBB7,NA,NA,NA,U3988,,Ricinus communis,communis,Ricinus,800.4387,800.4338,AGIALNDK,1,2,1,1,1,AAVALNDK,93,6208,NA,NA
PTVEADLK,3,1,213674,B9SRG1,NA,NA,NA,U3988,,Ricinus communis,communis,Ricinus,1042.5297,1042.5236,GNPTVEADIK,1,1,1,1,1,NGPTVEADLK,95,6277,NA,NA
QEYLK,3,1,203966,B9SA35,NA,NA,NA,U3988,,Ricinus communis,communis,Ricinus,910.4217,910.4164,QCQEYIK,1,1,1,1,1,QCQEYLK,101,6655,NA,NA
VGDEY,1,1,205413,B9SWX4,NA,NA,NA,U3988,,Ricinus communis,communis,Ricinus,978.4767,978.4712,VGDEYAGIR,1,1,1,1,1,VGDEYLQR,102,6678,NA,NA
VNVEGR,4,1,201508,Q9M4Q8,NA,NA,NA,U3988,,Ricinus communis,communis,Ricinus,929.4927,929.4892,GSIVNVEGR,1,2,1,1,1,EKVNVEGR,103,6685,NA,NA
VNVEGR,4,1,217493,B9SDX6,NA,NA,NA,U3988,,Ricinus communis,communis,Ricinus,929.4927,929.4892,GSIVNVEGR,1,2,1,1,1,EKVNVEGR,103,6685,NA,NA
QETLLTR,1,1,205755,B9T1B8,NA,NA,NA,U3988,,Ricinus communis,communis,Ricinus,859.4767,859.4734,QETILTR,1,1,1,1,1,QETLLTR,104,6744,NA,NA
VLQLS,1,1,218031,B9S390,NA,NA,NA,U3988,,Ricinus communis,communis,Ricinus,900.5027,900.4994,VLQISGER,3,10,1,1,0,VLQLSADR,106,6818,NA,NA
VLQLS,1,1,202993,B9S3B3,NA,NA,NA,U3988,,Ricinus communis,communis,Ricinus,900.5027,900.4994,VLQISGER,3,10,1,1,0,VLQLSADR,106,6818,NA,NA
VLQLS,1,1,208760,B9S395,NA,NA,NA,U3988,,Ricinus communis,communis,Ricinus,900.5027,900.4994,VLQISGER,3,10,1,1,0,VLQLSADR,106,6818,NA,NA
VLQLS,1,1,197191,B9SWM7,NA,NA,NA,U3988,,Ricinus communis,communis,Ricinus,900.5027,900.4994,VLQISGER,3,10,1,1,0,VLQLSADR,106,6818,NA,NA
VLQLS,1,1,212014,B9SWN0,NA,NA,NA,U3988,,Ricinus communis,communis,Ricinus,900.5027,900.4994,VLQISGER,3,10,1,1,0,VLQLSADR,106,6818,NA,NA
VLQLS,1,1,219338,B9S3B2,NA,NA,NA,U3988,,Ricinus communis,communis,Ricinus,900.5027,900.4994,VLQISGER,3,10,1,1,0,VLQLSADR,106,6818,NA,NA
VLQLS,1,1,200188,B9S392,NA,NA,NA,U3988,,Ricinus communis,communis,Ricinus,900.5027,900.4994,VLQISGER,3,10,1,1,0,VLQLSADR,106,6818,NA,NA
VLQLS,1,1,214000,B9S3B4,NA,NA,NA,U3988,,Ricinus communis,communis,Ricinus,900.5027,900.4994,VLQISGER,3,10,1,1,0,VLQLSADR,106,6818,NA,NA
VLQLS,1,1,216445,B9S391,NA,NA,NA,U3988,,Ricinus communis,communis,Ricinus,900.5027,900.4994,VLQISGER,3,10,1,1,0,VLQLSADR,106,6818,NA,NA
VLQLS,1,1,213036,B9SLT1,NA,NA,NA,U3988,,Ricinus communis,communis,Ricinus,900.5027,900.4994,VLQISGER,3,10,1,1,0,VLQLSADR,106,6818,NA,NA
LLDYTAT,1,1,214002,B9RF47,NA,NA,NA,U3988,,Ricinus communis,communis,Ricinus,923.4967,923.4934,LLDYTATK,1,1,1,1,1,LLDYTATK,114,7700,NA,NA
YNQLLR,1,1,210259,B9S376,NA,NA,NA,U3988,,Ricinus communis,communis,Ricinus,805.4447,805.4414,YNQLLR,5,4,1,1,0,YNQLLR,115,7798,NA,NA
YNQLLR,1,1,213674,B9SRG1,NA,NA,NA,U3988,,Ricinus communis,communis,Ricinus,805.4447,805.4414,YNQLLR,5,4,1,1,0,YNQLLR,115,7798,NA,NA
YNQLLR,1,1,222177,B9R9N6,NA,NA,NA,U3988,,Ricinus communis,communis,Ricinus,805.4447,805.4414,YNQLLR,5,4,1,1,0,YNQLLR,115,7798,NA,NA
YNQLLR,1,1,219365,B9RE72,NA,NA,NA,U3988,,Ricinus communis,communis,Ricinus,805.4447,805.4414,YNQLLR,5,4,1,1,0,YNQLLR,115,7798,NA,NA
QLHGEE,11,1,203966,B9SA35,NA,NA,NA,U3988,,Ricinus communis,communis,Ricinus,2229.0297,2229.0208,YIAEDQIQQGQLHGEESER,1,1,1,1,1,YLAENELQQGQLHGEESER,116,7831,NA,NA
VTVLS,3,1,207491,B9T5E6,NA,NA,NA,U3988,,Ricinus communis,communis,Ricinus,1171.6197,1171.6122,QEVTVLSPGSR,1,1,1,1,1,EQVTVLSPGSR,118,7865,NA,NA
TPEELLR,1,1,220273,B9RZV0,NA,NA,NA,U3988,,Ricinus communis,communis,Ricinus,856.4657,856.4624,TPEEILR,3,1,1,1,0,TPEELLR,123,8104,NA,NA
TLGSSL,4,1,209914,B9SF35,NA,NA,NA,U3988,,Ricinus communis,communis,Ricinus,1403.6897,1403.683,EETTLGSSLSQPR,1,1,1,1,1,EETTLGSSLQSPR,124,8141,NA,NA
TGWGPR,3,1,207850,B9SA37,NA,NA,NA,U3988,,Ricinus communis,communis,Ricinus,900.4457,900.4428,EVTGWGPR,1,1,1,2,1,EVTGWGPR,125,8145,NA,NA
TGWGPR,3,1,207850,B9SA37,NA,NA,NA,U3988,,Ricinus communis,communis,Ricinus,900.4457,900.442,EVTGWGPR,1,1,1,2,1,EVTGWGPR,128,8370,NA,NA
VLPSLNGK,1,1,204594,B9RAL0,NA,NA,NA,U3988,,Ricinus communis,communis,Ricinus,826.4917,826.4894,VLPSLNGK,2,2,1,1,0,VLPSLNGK,129,8415,NA,NA
VLPSLNGK,1,1,202640,B9TBB7,NA,NA,NA,U3988,,Ricinus communis,communis,Ricinus,826.4917,826.4894,VLPSLNGK,2,2,1,1,0,VLPSLNGK,129,8415,NA,NA
VGLPLNQR,1,1,226535,B9TD97,NA,NA,NA,U3988,,Ricinus communis,communis,Ricinus,895.5237,895.521,VGLPINQR,1,3,1,1,1,VGLPLNQR,131,8551,NA,NA
VGLPLNQR,1,1,206001,B9T8T0,NA,NA,NA,U3988,,Ricinus communis,communis,Ricinus,895.5237,895.521,VGLPINQR,1,3,1,1,1,VGLPLNQR,131,8551,NA,NA
VGLPLNQR,1,1,202930,B9T1S4,NA,NA,NA,U3988,,Ricinus communis,communis,Ricinus,895.5237,895.521,VGLPINQR,1,3,1,1,1,VGLPLNQR,131,8551,NA,NA
SVDFYAR,1,1,197772,B9SZE8,NA,NA,NA,U3988,,Ricinus communis,communis,Ricinus,856.4077,856.405,SVDFYAR,1,1,1,1,1,SVDFYAR,132,8597,NA,NA
QQNLWR,1,1,207850,B9SA37,NA,NA,NA,U3988,,Ricinus communis,communis,Ricinus,843.4347,843.4328,QQNLWR,1,1,1,1,1,QQNLWR,133,8644,NA,NA
LCVDVR,3,1,211262,B9T1S0,NA,NA,NA,U3988,,Ricinus communis,communis,Ricinus,874.4327,874.4304,NGLCVDVR,1,4,1,2,1,GNLCVDVR,134,8681,NA,NA
LCVDVR,3,1,226535,B9TD97,NA,NA,NA,U3988,,Ricinus communis,communis,Ricinus,874.4327,874.4304,NGLCVDVR,1,4,1,2,1,GNLCVDVR,134,8681,NA,NA
LCVDVR,3,1,206001,B9T8T0,NA,NA,NA,U3988,,Ricinus communis,communis,Ricinus,874.4327,874.4304,NGLCVDVR,1,4,1,2,1,GNLCVDVR,134,8681,NA,NA
LCVDVR,3,1,202930,B9T1S4,NA,NA,NA,U3988,,Ricinus communis,communis,Ricinus,874.4327,874.4304,NGLCVDVR,1,4,1,2,1,GNLCVDVR,134,8681,NA,NA
LVEEVLA,1,1,215570,B9RXK1,NA,NA,NA,U3988,,Ricinus communis,communis,Ricinus,899.5327,899.5306,LVEEVLAK,1,1,1,1,1,LVEEVLAK,135,8764,NA,NA
VGLPLSQR,1,1,221396,B9T7K1,NA,NA,NA,U3988,,Ricinus communis,communis,Ricinus,868.5127,868.5102,VGLPISQR,1,1,1,1,1,VGLPLSQR,137,8813,NA,NA
LCVDVR,3,1,206830,B9SSU3,NA,NA,NA,U3988,,Ricinus communis,communis,Ricinus,875.4167,875.4132,DGLCVDVR,1,1,1,2,1,DGLCVDVR,141,9022,NA,NA
LLDDS,2,1,223683,B9RGY1,NA,NA,NA,U3988,,Ricinus communis,communis,Ricinus,830.4497,830.4474,LLLDDSR,3,1,1,1,0,LLLDDSR,142,9035,NA,NA
ENLWR,2,1,209202,B9SCF0,NA,NA,NA,U3988,,Ricinus communis,communis,Ricinus,844.4187,844.417,QENLWR,3,1,1,2,0,QENLWR,143,9079,NA,NA
PSSCGLPEQ,3,1,208936,B9SA28,NA,NA,NA,U3988,,Ricinus communis,communis,Ricinus,1616.7647,1616.7611,SIPSSCGLPEQCQIR,1,1,1,1,1,LSPSSCGLPEQCQLR,146,9252,NA,NA
LEQLGGLR,1,1,209710,B9T1S2,NA,NA,NA,U3988,,Ricinus communis,communis,Ricinus,884.5077,884.5054,LEQLGGLR,1,6,1,1,1,LEQLGGLR,148,9266,NA,NA
LEQLGGLR,1,1,221396,B9T7K1,NA,NA,NA,U3988,,Ricinus communis,communis,Ricinus,884.5077,884.5054,LEQLGGLR,1,6,1,1,1,LEQLGGLR,148,9266,NA,NA
LEQLGGLR,1,1,200326,B9T5T9,NA,NA,NA,U3988,,Ricinus communis,communis,Ricinus,884.5077,884.5054,LEQLGGLR,1,6,1,1,1,LEQLGGLR,148,9266,NA,NA
LEQLGGLR,1,1,211262,B9T1S0,NA,NA,NA,U3988,,Ricinus communis,communis,Ricinus,884.5077,884.5054,LEQLGGLR,1,6,1,1,1,LEQLGGLR,148,9266,NA,NA
LEQLGGLR,1,1,202930,B9T1S4,NA,NA,NA,U3988,,Ricinus communis,communis,Ricinus,884.5077,884.5054,LEQLGGLR,1,6,1,1,1,LEQLGGLR,148,9266,NA,NA
LEQLGGLR,1,1,198585,B9T5U2,NA,NA,NA,U3988,,Ricinus communis,communis,Ricinus,884.5077,884.5054,LEQLGGLR,1,6,1,1,1,LEQLGGLR,148,9266,NA,NA
ENLWR,2,1,209202,B9SCF0,NA,NA,NA,U3988,,Ricinus communis,communis,Ricinus,844.4187,844.4168,QENLWR,3,1,1,2,0,QENLWR,149,9369,NA,NA
CEALQVAVEK,5,1,208936,B9SA28,NA,NA,NA,U3988,,Ricinus communis,communis,Ricinus,1563.6907,1563.6855,DECQCEALQVAVEK,1,1,1,1,1,DECQCEALQVAVEK,156,9980,NA,NA
FSESSELLR,1,1,205941,B9RTM9,NA,NA,NA,U3988,,Ricinus communis,communis,Ricinus,1066.5297,1066.527,FSESSELLR,1,1,1,1,1,FSESSELLR,157,10356,NA,NA
EVTLLS,2,1,217837,B9T5E7,NA,NA,NA,U3988,,Ricinus communis,communis,Ricinus,1185.6357,1185.6316,QEVTLLSPGSR,1,2,1,1,1,QEVTLLSSGPR,158,10404,NA,NA
EVTLLS,2,1,211772,B9S9Q7,NA,NA,NA,U3988,,Ricinus communis,communis,Ricinus,1185.6357,1185.6316,QEVTLLSPGSR,1,2,1,1,1,QEVTLLSSGPR,158,10404,NA,NA
LSLLEEAR,1,1,218099,B9RPJ9,NA,NA,NA,U3988,,Ricinus communis,communis,Ricinus,929.5177,929.514,LSIIEEAR,3,2,1,1,0,LSLLEEAR,161,10509,NA,NA
LSLLEEAR,1,1,220319,B9RG48,NA,NA,NA,U3988,,Ricinus communis,communis,Ricinus,929.5177,929.514,LSIIEEAR,3,2,1,1,0,LSLLEEAR,161,10509,NA,NA
LVNENGDSVFD,3,1,217837,B9T5E7,NA,NA,NA,U3988,,Ricinus communis,communis,Ricinus,2002.9707,2002.9656,VQIVNENGDSVFDGQVQR,1,1,1,1,1,QVLVNENGDSVFDGQVQR,165,11834,NA,NA
LDPLK,4,1,209854,B9RWQ2,NA,NA,NA,U3988,,Ricinus communis,communis,Ricinus,825.4957,825.4934,AGIIDPLK,3,1,1,1,0,AGLLDPLK,167,12275,NA,NA
PYSLWNR,3,1,212830,B9SQ85,NA,NA,NA,U3988,,Ricinus communis,communis,Ricinus,1150.5407,1150.5376,ESPYSLWNR,1,1,1,1,1,ESPYSLWNR,170,13599,NA,NA
LELFK,3,1,197598,B9SZ35,NA,NA,NA,U3988,,Ricinus communis,communis,Ricinus,822.4487,822.4456,SSLELFK,1,1,1,1,1,SSLELFK,171,13667,NA,NA
YYEFK,7,1,212830,B9SQ85,NA,NA,NA,U3988,,Ricinus communis,communis,Ricinus,1411.5757,1411.5718,SWACTDYYEFK,1,1,1,1,1,WSACTDYYEFK,172,14367,NA,NA
CCLVM,1,1,217507,B9T5G6,NA,NA,NA,U3988,,Ricinus communis,communis,Ricinus,1505.7267,1505.7225,CCLVMPVPPFACVK,1,1,1,1,1,CCLVMPVPPFACVK,177,15762,NA,NA
LEWVSF,6,1,207491,B9T5E6,NA,NA,NA,U3988,,Ricinus communis,communis,Ricinus,1364.6727,1364.6686,ASNQGLEWVSFK,1,1,1,1,1,RDEGLEWVSFK,178,16236,NA,NA
MPVEVLANAFR,2,1,201508,Q9M4Q8,NA,NA,NA,U3988,,Ricinus communis,communis,Ricinus,1302.6757,1302.6715,GMPVEVIANAFR,1,3,1,1,1,GMPVEVLANAFR,179,16440,NA,NA
MPVEVLANAFR,2,1,217493,B9SDX6,NA,NA,NA,U3988,,Ricinus communis,communis,Ricinus,1302.6757,1302.6715,GMPVEVIANAFR,1,3,1,1,1,GMPVEVLANAFR,179,16440,NA,NA
MPVEVLANAFR,2,1,209914,B9SF35,NA,NA,NA,U3988,,Ricinus communis,communis,Ricinus,1302.6757,1302.6715,GMPVEVIANAFR,1,3,1,1,1,GMPVEVLANAFR,179,16440,NA,NA
NEGLEWVSF,3,1,215598,B9SW16,NA,NA,NA,U3988,,Ricinus communis,communis,Ricinus,1365.6567,1365.652,ASNEGLEWVSFK,1,2,1,1,1,TGNEGLEWVSFK,181,16647,NA,NA
NEGLEWVSF,3,1,217837,B9T5E7,NA,NA,NA,U3988,,Ricinus communis,communis,Ricinus,1365.6567,1365.652,ASNEGLEWVSFK,1,2,1,1,1,TGNEGLEWVSFK,181,16647,NA,NA
YNQLLR,1,1,231706,A0A0X8F023,NA,NA,NA,U296,,Pseudomonas fragi,fragi,Pseudomonas,805.4447,805.4414,YNQLLR,5,1,1,1,0,YNQLLR,115,7798,NA,NA
YNQLLR,1,1,245107,A0A8U0TIC4,NA,NA,NA,U8040,,Salvelinus namaycush,namaycush,Salvelinus,805.4447,805.4414,YNQLLR,5,2,1,1,0,YNQLLR,115,7798,NA,NA
YNQLLR,1,1,259495,A0A8U0UBW0,NA,NA,NA,U8040,,Salvelinus namaycush,namaycush,Salvelinus,805.4447,805.4414,YNQLLR,5,2,1,1,0,YNQLLR,115,7798,NA,NA
